use CSDL_Project;

--1. store
SET IDENTITY_INSERT sales.stores ON;

insert into sales.stores values
(N'Store A', '0357251858', 'storeA@gmail.com', N'Tây Hồ', 'Open'),
(N'Store B', '0000000001', 'storeB@gmail.com', N'Hoàn Kiếm', 'Open'),
(N'Store C', '0000000002', 'storeC@gmail.com', N'Ba Đình', 'Close'),
(N'Store D', '0000000003', 'storeD@gmail.com', N'Cầu Giấy', 'Close'),
(N'Store E', '0000000003', 'storeE@gmail.com', N'Thanh Xuân', 'Open');

SET IDENTITY_INSERT sales.stores Off;

--2. customers
SET IDENTITY_INSERT sales.customers ON;

insert into sales.customers values
(N'Vô Danh', null, null, null, null),
(N'Trần Đức Mạnh', '20011209', N'15 ngách 2 ngõ 119, đường Nước Phần Lan, Tấy Hồ, Hà Nội', '0357251858', 'tranducmanh12092001@gmail.com'),
(N'Phạm Đức Huy', '20010101', N'Việt Nam', '0000000001', 'phamduchuy@gmail.com'),
(N'Nguyễn Thị Thúy', '20010101', N'Việt Nam', '0000000002', 'nguyenthithuy@gmail.com'),
(N'Phạm Thanh Chung', '20010101', N'Việt Nam', '0000000003', 'phamthanhchung@gmail.com');

SET IDENTITY_INSERT sales.customers Off;

--3. staffs
SET IDENTITY_INSERT sales.staffs ON;

insert into sales.staffs values
(N'Trần Đức Mạnh', 'tranducmanh@gmail', '0357251858', 1, 1, 1, 'Nam', 'manh135792468')

SET IDENTITY_INSERT sales.staffs Off;

--4. orders
SET IDENTITY_INSERT sales.orders ON;
-- insert cho sales.orders
select * from sales.orders
delete from sales.orders where order_id = 1;
SET IDENTITY_INSERT sales.orders Off;


--5. order_item
-- insert cho sales.order_items 
select * from sales.order_items



--6. stocks
insert into sales.stocks values
(1, '2021-01-01', '2022-02-02', 1, 10000.00, 10.00, 20),
(1, '2021-01-01', '2022-11-01', 1, 15000.00, 20.00, 20),
(1, '2021-01-01', '2022-11-01', 2, 15000.00, 20.00, 20),
(2, '2021-01-01', '2022-01-01', 4, 15000.00, 20.00, 20),
(3, '2021-01-01', '2022-01-01', 1, 21000.00, 5.00, 21);

--7. production.brands
SET IDENTITY_INSERT production.brands ON;

INSERT INTO production.brands(brand_id,brand_name, country) VALUES(1,'Electra', 'Viet Nam')
INSERT INTO production.brands(brand_id,brand_name, country) VALUES(2,'Haro', 'Viet Nam')
INSERT INTO production.brands(brand_id,brand_name, country) VALUES(3,'Heller', 'France')
INSERT INTO production.brands(brand_id,brand_name, country) VALUES(4,'Pure Cycles', 'USA')
INSERT INTO production.brands(brand_id,brand_name, country) VALUES(5,'Ritchey', 'Thailand')
INSERT INTO production.brands(brand_id,brand_name, country) VALUES(6,'Strider', 'Japan')
INSERT INTO production.brands(brand_id,brand_name, country) VALUES(7,'Sun Bicycles', 'Japan')
INSERT INTO production.brands(brand_id,brand_name, country) VALUES(8,'Surly', 'China')
INSERT INTO production.brands(brand_id,brand_name, country) VALUES(9,'Trek', 'HongKong')

SET IDENTITY_INSERT production.brands OFF;


--8. production.categories
SET IDENTITY_INSERT production.categories ON;

INSERT INTO production.categories(category_id,category_name) VALUES(1,'Children Bicycles')
INSERT INTO production.categories(category_id,category_name) VALUES(2,'Comfort Bicycles')
INSERT INTO production.categories(category_id,category_name) VALUES(3,'Cruisers Bicycles')
INSERT INTO production.categories(category_id,category_name) VALUES(4,'Cyclocross Bicycles')
INSERT INTO production.categories(category_id,category_name) VALUES(5,'Electric Bikes')
INSERT INTO production.categories(category_id,category_name) VALUES(6,'Mountain Bikes')
INSERT INTO production.categories(category_id,category_name) VALUES(7,'Road Bikes')

SET IDENTITY_INSERT production.categories OFF;  


--9. production.products
SET IDENTITY_INSERT production.products ON;

INSERT INTO production.products(product_id, product_name, brand_id, category_id, price) VALUES(1,'Trek 820 - 2016',9,6,379.99)
INSERT INTO production.products(product_id, product_name, brand_id, category_id, price) VALUES(2,'Ritchey Timberwolf Frameset - 2016',5,6,749.99)
INSERT INTO production.products(product_id, product_name, brand_id, category_id, price) VALUES(3,'Surly Wednesday Frameset - 2016',8,6,999.99)
INSERT INTO production.products(product_id, product_name, brand_id, category_id, price) VALUES(4,'Trek Fuel EX 8 29 - 2016',9,6,2899.99)
INSERT INTO production.products(product_id, product_name, brand_id, category_id, price) VALUES(5,'Heller Shagamaw Frame - 2016',3,6,1320.99)
INSERT INTO production.products(product_id, product_name, brand_id, category_id, price) VALUES(6,'Surly Ice Cream Truck Frameset - 2016',8,6,469.99)
INSERT INTO production.products(product_id, product_name, brand_id, category_id, price) VALUES(7,'Trek Slash 8 27.5 - 2016',9,6,3999.99)
INSERT INTO production.products(product_id, product_name, brand_id, category_id, price) VALUES(8,'Trek Remedy 29 Carbon Frameset - 2016',9,6,1799.99)
INSERT INTO production.products(product_id, product_name, brand_id, category_id, price) VALUES(9,'Trek Conduit+ - 2016',9,5,2999.99)
INSERT INTO production.products(product_id, product_name, brand_id, category_id, price) VALUES(10,'Surly Straggler - 2016',8,4,1549)
INSERT INTO production.products(product_id, product_name, brand_id, category_id, price) VALUES(11,'Surly Straggler 650b - 2016',8,4,1680.99)
INSERT INTO production.products(product_id, product_name, brand_id, category_id, price) VALUES(12,'Electra Townie Original 21D - 2016',1,3,549.99)
INSERT INTO production.products(product_id, product_name, brand_id, category_id, price) VALUES(13,'Electra Cruiser 1 (24-Inch) - 2016',1,3,269.99)
INSERT INTO production.products(product_id, product_name, brand_id, category_id, price) VALUES(14,'Electra Girl''s Hawaii 1 (16-inch) - 2015/2016',1,3,269.99)
INSERT INTO production.products(product_id, product_name, brand_id, category_id, price) VALUES(15,'Electra Moto 1 - 2016',1,3,529.99)
INSERT INTO production.products(product_id, product_name, brand_id, category_id, price) VALUES(16,'Electra Townie Original 7D EQ - 2016',1,3,599.99)
INSERT INTO production.products(product_id, product_name, brand_id, category_id, price) VALUES(17,'Pure Cycles Vine 8-Speed - 2016',4,3,429)
INSERT INTO production.products(product_id, product_name, brand_id, category_id, price) VALUES(18,'Pure Cycles Western 3-Speed - Women''s - 2015/2016',4,3,449)
INSERT INTO production.products(product_id, product_name, brand_id, category_id, price) VALUES(19,'Pure Cycles William 3-Speed - 2016',4,3,449)
INSERT INTO production.products(product_id, product_name, brand_id, category_id, price) VALUES(20,'Electra Townie Original 7D EQ - Women''s - 2016',1,3,599.99)
INSERT INTO production.products(product_id, product_name, brand_id, category_id, price) VALUES(21,'Electra Cruiser 1 (24-Inch) - 2016',1,1,269.99)
INSERT INTO production.products(product_id, product_name, brand_id, category_id, price) VALUES(22,'Electra Girl''s Hawaii 1 (16-inch) - 2015/2016',1,1,269.99)
INSERT INTO production.products(product_id, product_name, brand_id, category_id, price) VALUES(23,'Electra Girl''s Hawaii 1 (20-inch) - 2015/2016',1,1,299.99)
INSERT INTO production.products(product_id, product_name, brand_id, category_id, price) VALUES(24,'Electra Townie Original 21D - 2016',1,2,549.99)
INSERT INTO production.products(product_id, product_name, brand_id, category_id, price) VALUES(25,'Electra Townie Original 7D - 2015/2016',1,2,499.99)
INSERT INTO production.products(product_id, product_name, brand_id, category_id, price) VALUES(26,'Electra Townie Original 7D EQ - 2016',1,2,599.99)
INSERT INTO production.products(product_id, product_name, brand_id, category_id, price) VALUES(27,'Surly Big Dummy Frameset - 2017',8,6,999.99)
INSERT INTO production.products(product_id, product_name, brand_id, category_id, price) VALUES(28,'Surly Karate Monkey 27.5+ Frameset - 2017',8,6,2499.99)

SET IDENTITY_INSERT production.products OFF;